{
  "viewProfileAPI" : {
    "transaction" : "viewProfileAPI",
    "sampleCount" : 30,
    "errorCount" : 0,
    "errorPct" : 0.0,
    "meanResTime" : 1423.5000000000002,
    "medianResTime" : 691.0,
    "minResTime" : 490.0,
    "maxResTime" : 8201.0,
    "pct1ResTime" : 4467.700000000002,
    "pct2ResTime" : 7334.749999999999,
    "pct3ResTime" : 8201.0,
    "throughput" : 2.150537634408602,
    "receivedKBytesPerSec" : 4.68343974014337,
    "sentKBytesPerSec" : 0.42422715053763443
  },
  "signOutAPI" : {
    "transaction" : "signOutAPI",
    "sampleCount" : 30,
    "errorCount" : 0,
    "errorPct" : 0.0,
    "meanResTime" : 1975.2,
    "medianResTime" : 1597.5,
    "minResTime" : 484.0,
    "maxResTime" : 4582.0,
    "pct1ResTime" : 3793.3,
    "pct2ResTime" : 4160.7,
    "pct3ResTime" : 4582.0,
    "throughput" : 3.6421027072963454,
    "receivedKBytesPerSec" : 4.915415958480029,
    "sentKBytesPerSec" : 0.9425363451499332
  },
  "SignUpAPI" : {
    "transaction" : "SignUpAPI",
    "sampleCount" : 30,
    "errorCount" : 0,
    "errorPct" : 0.0,
    "meanResTime" : 14423.266666666668,
    "medianResTime" : 15182.5,
    "minResTime" : 5497.0,
    "maxResTime" : 18811.0,
    "pct1ResTime" : 16857.3,
    "pct2ResTime" : 18115.25,
    "pct3ResTime" : 18811.0,
    "throughput" : 1.5931177314003504,
    "receivedKBytesPerSec" : 3.459119105464394,
    "sentKBytesPerSec" : 0.6160884976899793
  },
  "Total" : {
    "transaction" : "Total",
    "sampleCount" : 90,
    "errorCount" : 0,
    "errorPct" : 0.0,
    "meanResTime" : 5940.655555555557,
    "medianResTime" : 2616.5,
    "minResTime" : 484.0,
    "maxResTime" : 18811.0,
    "pct1ResTime" : 16059.6,
    "pct2ResTime" : 16754.5,
    "pct3ResTime" : 18811.0,
    "throughput" : 4.399472063352397,
    "receivedKBytesPerSec" : 8.357087427286503,
    "sentKBytesPerSec" : 1.2359193980055727
  }
}